Policy_Id,policy_type,coverage_amount,premium_amount,start_date,end_date,customer_id,agent_id,approved_by
1,Auto,544416,8620,2022-09-07,2029-06-18,41,28,Riya Guha
2,Auto,390089,16267,2024-09-28,2026-07-01,94,15,Darshit Tak
3,Auto,852363,30884,2022-03-12,2026-02-13,974,2,Shray Venkatesh
4,Auto,839279,30931,2020-01-09,2028-11-07,782,49,Taimur Roy
5,Health,523451,34318,2023-09-17,2029-01-16,939,18,Darshit Walia
6,Health,997251,24615,2024-01-14,2028-07-13,834,32,Mohanlal Dube
7,Health,523009,23376,2022-03-06,2022-08-05,329,43,Indrans Sha
8,Health,871960,19841,2023-12-13,2026-03-01,711,32,Jayan Devi
9,Life,696325,23020,2022-05-31,2024-05-17,779,36,Mahika Tella
10,Health,509343,19153,2021-07-18,2024-12-30,332,8,Aaryahi Bal
11,Life,878420,42122,2022-03-29,2024-11-14,2,43,Vedika Shah
12,Auto,515779,7439,2023-09-14,2024-09-10,531,24,Heer Lala
13,Auto,780799,33143,2020-06-13,2027-05-17,779,4,Eshani Chad
14,Health,340351,10896,2023-12-20,2027-09-18,295,29,Ritvik Tata
15,Auto,536241,6299,2023-08-04,2027-07-14,646,39,Khushi Joshi
16,Health,738805,18984,2023-07-13,2027-12-07,15,36,Umang Sarma
17,Life,183888,49652,2020-11-13,2028-09-27,935,8,Rania Dara
18,Life,952355,34147,2020-09-02,2029-06-16,158,32,Samar Johal
19,Auto,362675,36744,2024-01-07,2026-10-19,426,31,Fateh Tank
20,Life,319358,29807,2021-08-14,2028-05-06,393,13,Raghav Ratti
21,Auto,557417,44570,2022-10-18,2025-09-19,885,5,Kimaya Kari
22,Life,795408,43449,2020-01-21,2027-11-20,349,33,Anika Warrior
23,Life,838495,17728,2023-07-25,2029-01-08,306,38,Sahil Raval
24,Auto,999012,27034,2022-12-23,2025-11-05,153,29,Anay Anne
25,Auto,535907,19960,2020-05-29,2028-08-28,782,35,Ehsaan Soni
26,Life,509810,19480,2022-01-12,2022-12-02,194,45,Anaya Chadha
27,Health,614618,15510,2022-10-16,2027-10-16,795,27,Emir Ray
28,Health,386359,26284,2021-05-12,2026-04-01,936,25,Vaibhav Kapur
29,Life,989573,40658,2020-11-19,2025-04-12,668,10,Tejas Goswami
30,Life,968342,10681,2022-09-17,2029-05-31,989,38,Shaan Varghese
31,Life,882730,44339,2020-09-09,2029-02-28,451,7,Reyansh Ravel
32,Auto,919398,5691,2024-04-29,2027-05-07,148,27,Samarth Brahmbhatt
33,Auto,972961,8367,2023-03-27,2025-11-08,801,17,Tara Wable
34,Life,660933,22887,2022-02-04,2023-12-07,83,22,Ryan Brahmbhatt
35,Auto,873408,22100,2024-02-06,2025-04-01,325,41,Anay Chanda
36,Auto,898695,26958,2020-11-19,2021-10-03,555,3,Devansh Agarwal
37,Auto,161579,33402,2023-05-12,2025-11-05,944,19,Arnav Karnik
38,Health,772090,24529,2021-03-07,2027-07-30,101,49,Indranil Saxena
39,Auto,733502,9523,2020-04-29,2022-02-21,171,45,Drishya Kashyap
40,Life,913082,7070,2023-05-15,2023-10-08,816,4,Alisha D’Alia
41,Life,422617,24381,2023-07-16,2024-12-25,251,34,Arhaan Bala
42,Life,609335,40663,2024-09-06,2026-09-17,175,12,Fateh Shah
43,Health,648543,22214,2024-09-04,2027-08-04,700,16,Saira Tripathi
44,Life,921546,11440,2021-06-18,2028-03-05,473,41,Biju Grover
45,Life,513613,35008,2019-10-24,2026-12-31,921,30,Arnav Issac
46,Life,709850,12109,2024-08-20,2027-12-09,453,23,Pari Sen
47,Auto,369239,48291,2022-08-29,2027-04-05,707,17,Purab Sami
48,Life,860774,13965,2022-10-16,2023-11-13,394,31,Vivaan Dass
49,Health,313485,30737,2024-09-27,2026-12-27,589,19,Ehsaan Zachariah
50,Auto,365708,49008,2020-01-13,2020-08-06,675,26,Arhaan Luthra
51,Life,107288,43928,2024-08-25,2027-11-04,797,48,Yuvaan Shenoy
52,Health,919555,38533,2020-02-03,2025-02-24,853,19,Vritika Jha
53,Health,646359,20854,2021-01-09,2025-03-11,652,13,Divit Toor
54,Auto,325564,39001,2022-11-20,2023-11-27,786,43,Saksham Bhatia
55,Auto,854503,33271,2023-01-02,2027-01-09,926,41,Kashvi Jani
56,Auto,135480,40487,2020-01-14,2025-10-10,35,38,Sumer Dada
57,Life,759124,9056,2020-06-27,2025-02-02,303,21,Purab Yogi
58,Auto,473953,14036,2021-04-26,2022-11-04,806,35,Bhamini Thaker
59,Life,577767,46107,2020-03-14,2025-01-29,851,11,Dhanush Subramanian
60,Life,922644,47488,2020-03-09,2027-12-07,991,19,Jayan Butala
61,Auto,883357,41190,2021-01-08,2028-12-17,480,5,Miraya Raju
62,Health,778736,15153,2022-08-18,2026-12-09,693,47,Sana Iyengar
63,Auto,981948,48527,2023-12-10,2026-06-07,824,36,Hrishita Seth
64,Life,181273,22756,2023-03-09,2023-06-19,271,35,Aradhya Soman
65,Health,509307,35277,2023-02-19,2029-01-04,689,17,Nitya Verma
66,Auto,442923,33735,2024-04-22,2028-02-19,381,7,Damini Singh
67,Auto,310440,6126,2024-03-10,2024-09-04,906,36,Ehsaan Balay
68,Life,923730,14962,2021-07-23,2021-11-02,65,41,Jayant Sankar
69,Life,918449,18599,2024-09-27,2026-01-07,419,8,Eva Choudhry
70,Health,140812,6675,2022-11-25,2024-04-18,505,8,Lakshay Kaul
71,Health,311320,29190,2024-01-02,2026-11-09,398,30,Purab Dhar
72,Life,703438,38441,2024-04-05,2024-07-07,969,35,Neysa Dara
73,Life,628606,37697,2021-05-24,2023-08-22,907,27,Ira Sangha
74,Auto,189119,27021,2023-03-14,2027-11-13,418,18,Yuvraj  Badal
75,Health,721253,14777,2022-03-05,2029-05-09,456,16,Riya Chad
76,Life,189419,35856,2023-05-12,2024-04-01,558,42,Samaira Sharaf
77,Life,154495,17415,2022-12-02,2025-09-06,992,8,Hansh Kaur
78,Life,182506,14545,2024-10-13,2026-11-21,655,39,Nirvi Raja
79,Health,145521,20008,2024-08-28,2028-08-23,129,37,Hansh Bhasin
80,Health,161749,39432,2022-05-03,2028-01-14,213,38,Dhanuk Shanker
81,Health,831748,15485,2023-01-30,2028-04-16,793,10,Sahil Khalsa
82,Auto,102552,43628,2023-01-13,2023-08-27,149,9,Indrajit Ramaswamy
83,Auto,325589,12852,2023-06-09,2029-01-24,677,2,Prerak Din
84,Health,113374,40549,2020-07-03,2021-04-05,244,38,Kiaan Konda
85,Life,114203,16942,2023-10-04,2024-01-14,130,48,Miraya Sahota
86,Life,573477,38555,2023-04-30,2027-03-24,488,29,Shalv Ahluwalia
87,Life,561914,9907,2021-07-20,2024-04-13,516,15,Vanya Thaker
88,Auto,139029,40245,2021-03-27,2025-04-11,888,43,Kabir Shetty
89,Auto,371467,33950,2022-02-19,2025-07-06,32,4,Trisha Gaba
90,Life,862569,24182,2023-03-08,2023-04-06,111,32,Heer Sidhu
91,Auto,918731,8307,2022-11-04,2023-07-30,83,21,Keya Rajagopalan
92,Auto,233500,10679,2020-01-26,2026-12-14,640,41,Suhana Hegde
93,Auto,593521,19633,2021-10-21,2023-04-20,612,34,Pari Jaggi
94,Life,508344,32244,2023-12-06,2029-01-28,102,45,Tara Bhardwaj
95,Health,867513,34291,2020-06-16,2028-10-25,788,36,Farhan Chana
96,Auto,878943,24353,2022-10-05,2027-11-20,910,15,Pihu Karan
97,Life,405038,25407,2021-04-27,2028-02-04,426,47,Yuvaan Raju
98,Health,381294,19064,2022-04-12,2023-06-19,262,24,Hansh Wable
99,Health,718139,26342,2021-01-04,2026-12-07,94,6,Inaaya  Dave
100,Health,488689,38507,2020-05-27,2029-10-16,382,9,Shalv Subramanian
101,Auto,153983,48048,2023-11-15,2027-03-11,576,22,Ayesha Jain
102,Auto,210008,20912,2022-12-27,2028-10-07,682,49,Ishaan Buch
103,Life,881283,37448,2021-12-31,2029-05-03,992,19,Elakshi Yadav
104,Auto,381204,9662,2024-03-25,2026-03-26,520,14,Adah Amble
105,Health,691063,15091,2024-01-20,2029-01-11,111,23,Miraan Saini
106,Auto,430805,39317,2022-03-17,2022-08-12,588,15,Sana Talwar
107,Life,860640,48855,2021-06-16,2025-06-21,839,40,Vihaan Varghese
108,Auto,707479,30053,2020-10-04,2026-09-28,624,43,Vidur Johal
109,Auto,340703,13119,2024-03-31,2027-09-12,720,49,Nayantara Lad
110,Life,929384,20796,2020-01-02,2029-03-23,186,10,Anya Raja
111,Auto,691610,8131,2022-12-11,2026-06-28,759,41,Nakul Bal
112,Health,182582,28872,2020-01-07,2020-11-09,386,27,Zoya Bora
113,Life,406806,21652,2023-12-04,2027-01-09,739,21,Mannat Chaudhuri
114,Auto,636601,44750,2023-04-14,2028-11-20,160,11,Ranbir Keer
115,Auto,144786,8671,2019-11-07,2022-06-29,454,43,Miraan Wason
116,Life,537096,24892,2021-09-10,2025-07-17,280,14,Prerak Bobal
117,Auto,202436,24346,2020-10-01,2024-06-03,291,44,Reyansh Kar
118,Auto,633821,28712,2021-04-21,2025-07-18,316,3,Kavya Chahal
119,Health,455737,31970,2021-01-10,2027-12-17,8,14,Kaira Gade
120,Life,950792,39531,2022-01-05,2023-05-10,783,17,Zeeshan Shanker
121,Life,395310,5348,2020-11-15,2025-01-23,765,28,Vivaan Setty
122,Health,216267,28966,2024-09-07,2029-01-10,236,33,Hridaan Shetty
123,Auto,850019,41279,2022-06-08,2022-09-08,74,26,Jayant Sur
124,Auto,138072,5843,2024-03-08,2024-11-28,944,5,Manjari Krishnamurthy
125,Life,618183,30803,2020-09-10,2027-10-11,727,41,Nitya Krishna
126,Life,360564,23226,2020-01-08,2028-08-18,990,21,Kismat Loke
127,Health,821190,32816,2024-07-29,2025-02-07,852,45,Advik Ratta
128,Life,179317,43002,2021-07-27,2023-07-15,250,28,Samaira Chakrabarti
129,Auto,460405,8539,2023-07-11,2024-10-08,892,20,Vanya Dora
130,Auto,405562,19988,2022-08-09,2029-08-27,173,5,Kabir Khurana
131,Auto,669902,28877,2022-11-10,2027-12-25,199,50,Himmat Hayer
132,Life,415990,48120,2023-12-16,2025-12-07,661,10,Prisha Sarraf
133,Health,192524,16519,2023-12-03,2025-06-12,178,39,Hunar Behl
134,Health,784194,34498,2022-06-26,2025-06-12,182,50,Hunar Dutta
135,Auto,544705,38950,2020-03-24,2021-11-12,779,38,Miraya Venkatesh
136,Life,713020,44692,2024-09-21,2026-04-26,659,41,Jiya Kant
137,Auto,390887,48694,2021-12-16,2025-01-12,324,10,Dharmajan Sarraf
138,Life,161458,24899,2023-02-28,2026-01-13,311,18,Aarna Agate
139,Auto,150555,27830,2024-06-14,2027-11-05,318,30,Urvi Divan
140,Life,133847,21593,2022-07-26,2023-06-21,294,5,Krish Mannan
141,Auto,877825,43488,2023-06-03,2027-01-16,630,39,Sara Garde
142,Auto,446034,31115,2023-10-02,2026-07-03,978,48,Nayantara Mani
143,Health,504760,41442,2023-04-04,2026-08-13,668,13,Anvi Bali
144,Life,644505,27562,2020-08-06,2029-04-22,981,4,Lakshit Yadav
145,Life,193152,45461,2020-12-12,2021-01-04,352,46,Indrans Char
146,Health,554094,12765,2024-09-05,2025-09-08,254,46,Heer Deep
147,Life,991887,28583,2023-03-15,2026-01-02,625,11,Baiju Soman
148,Life,435567,17730,2023-04-19,2025-02-22,419,50,Kavya Saran
149,Life,711008,7356,2024-02-17,2027-01-09,647,42,Uthkarsh Karnik
150,Life,159321,9253,2023-05-19,2028-11-23,695,25,Sumer Rao
151,Life,326796,43320,2024-09-27,2025-05-18,988,39,Zain Master
152,Health,400026,31223,2023-07-27,2027-01-08,145,23,Seher Chanda
153,Life,970927,36432,2020-12-22,2024-05-01,402,9,Raghav Dua
154,Auto,737951,8812,2024-09-01,2029-07-18,573,25,Piya Ben
155,Auto,812496,41593,2022-04-06,2024-04-03,687,45,Nitya Agate
156,Auto,997448,46060,2022-02-02,2023-10-07,96,42,Indrans Divan
157,Auto,481066,21282,2020-09-06,2027-10-17,372,20,Adah Chaudhary
158,Health,956052,20378,2020-10-26,2029-04-13,785,32,Anaya Singhal
159,Health,303889,11190,2022-02-10,2028-02-19,80,19,Hunar Chana
160,Health,556921,29290,2021-01-13,2022-09-18,757,34,Pihu Dora
161,Health,695736,44438,2020-12-01,2022-10-01,633,9,Kartik Kunda
162,Auto,439048,12301,2020-08-03,2021-01-25,852,45,Onkar Kapadia
163,Auto,828139,12449,2021-07-15,2022-06-02,449,3,Shaan Bedi
164,Life,427869,37381,2020-01-26,2023-01-27,993,29,Hrishita Dani
165,Auto,356435,38684,2024-07-24,2027-05-05,460,15,Dishani Shah
166,Auto,315252,48452,2021-07-21,2023-07-21,804,31,Anika Bedi
167,Health,431057,47621,2020-01-04,2025-01-31,452,30,Lakshay Shah
168,Life,800312,27631,2022-07-19,2023-04-17,429,11,Samar Sachar
169,Health,821133,11228,2023-06-07,2029-08-27,257,4,Pari Sathe
170,Auto,532532,21705,2022-04-23,2024-03-22,957,7,Rasha Kannan
171,Auto,861303,43302,2020-06-18,2021-07-23,292,6,Manikya Swaminathan
172,Health,345512,45739,2021-06-19,2027-12-05,151,28,Pranay Kapoor
173,Health,951772,14992,2020-07-11,2026-08-16,462,23,Lakshit Dara
174,Health,473407,22840,2024-02-08,2025-07-08,383,16,Romil Bhagat
175,Life,995073,21871,2023-12-05,2027-06-01,29,21,Prisha Sandal
176,Health,855259,34248,2021-01-20,2021-08-10,811,10,Hrishita Bhavsar
177,Health,134473,46283,2024-08-24,2029-09-05,484,45,Shlok Som
178,Health,782957,26110,2024-06-28,2024-11-04,631,1,Drishya Doshi
179,Health,117104,14704,2022-10-01,2026-09-01,154,36,Pari Mallick
180,Auto,647992,24046,2023-05-10,2028-03-23,795,19,Tanya Manda
181,Health,371036,7149,2024-03-05,2024-11-24,430,41,Shanaya Chakrabarti
182,Auto,511402,9989,2022-12-10,2025-06-08,927,32,Emir Dora
183,Auto,582448,33438,2022-07-18,2024-08-29,589,16,Shayak Bedi
184,Auto,229219,24316,2021-07-04,2023-05-09,630,23,Faiyaz Srivastava
185,Health,613597,13429,2021-09-12,2025-03-22,685,6,Rania Dhillon
186,Auto,977189,8046,2023-02-01,2023-10-12,539,35,Divyansh Kala
187,Auto,807771,27843,2019-11-23,2025-04-25,21,25,Nakul Chowdhury
188,Life,139181,22410,2023-08-27,2029-06-14,383,17,Anya Shetty
189,Auto,114618,40483,2021-10-26,2025-01-26,354,16,Dhanush Bhatt
190,Auto,691394,9665,2024-01-15,2026-03-31,596,48,Aarush Joshi
191,Life,220069,20853,2022-12-28,2025-01-09,347,42,Jayant Bhagat
192,Health,847345,35811,2023-08-29,2028-02-26,713,31,Aarav Saini
193,Auto,264050,11068,2023-02-07,2028-05-22,734,50,Hiran Rajan
194,Life,133285,14072,2023-06-06,2027-03-23,811,13,Baiju Deshpande
195,Health,384036,18953,2020-07-23,2027-11-16,408,35,Manjari Chaudhari
196,Life,327982,38898,2020-05-10,2022-02-25,196,19,Ahana  Majumdar
197,Life,875925,7151,2023-08-26,2026-04-26,672,22,Prisha Dayal
198,Life,212028,21561,2023-12-25,2026-03-07,911,26,Vanya Wagle
199,Auto,495763,48042,2020-10-18,2023-03-30,348,12,Shray Dasgupta
200,Life,722862,21531,2020-10-29,2028-07-14,817,34,Shaan Sura
201,Life,821033,37719,2019-10-24,2024-03-29,81,28,Ehsaan Kalla
202,Auto,995588,13121,2020-10-03,2025-10-09,301,21,Hrishita Uppal
203,Health,172062,34741,2022-02-11,2022-07-12,314,29,Lavanya Viswanathan
204,Auto,745897,12499,2023-10-07,2024-10-31,455,23,Anvi Ganguly
205,Life,138120,44152,2022-03-13,2025-02-19,362,40,Aaina Tank
206,Life,347100,49101,2020-04-16,2025-04-18,971,4,Pranay Bhattacharyya
207,Health,704066,23279,2022-10-30,2028-06-10,526,48,Mannat Goda
208,Auto,243988,6401,2023-02-20,2024-10-22,870,39,Parinaaz Setty
209,Auto,803181,6566,2020-04-12,2023-12-28,69,16,Neelofar Dyal
210,Auto,429696,22228,2021-03-02,2029-10-16,581,3,Kanav Bhardwaj
211,Auto,238094,25247,2021-08-03,2022-11-07,380,24,Aradhya Kunda
212,Life,786776,30826,2021-08-22,2029-03-30,543,24,Krish Gola
213,Life,382947,17541,2024-05-11,2027-06-18,984,8,Mahika Kata
214,Health,762107,27457,2023-10-08,2027-04-01,397,36,Drishya Golla
215,Health,335599,16713,2024-02-27,2027-06-28,457,14,Hridaan Ganesh
216,Auto,357019,46242,2022-02-05,2024-01-09,503,13,Rania Jani
217,Health,222156,8332,2021-06-21,2025-01-18,177,46,Jayesh Krishnamurthy
218,Life,997536,41473,2024-01-13,2024-11-09,991,21,Anahi Tak
219,Auto,412683,7922,2020-10-15,2028-03-23,556,19,Lakshit Ray
220,Life,866226,37031,2022-09-19,2027-10-17,950,45,Shray Chatterjee
221,Auto,256682,21267,2022-02-03,2025-03-26,230,8,Aarna Salvi
222,Health,812859,15653,2024-08-20,2029-01-25,506,2,Damini Sood
223,Life,598619,21601,2020-11-23,2025-05-19,823,36,Miraan Srinivas
224,Health,650754,8880,2020-04-27,2028-03-05,317,26,Elakshi Ganesan
225,Auto,746983,28656,2022-07-27,2028-06-22,788,27,Gatik Kapoor
226,Auto,166376,48757,2024-09-27,2026-06-23,658,5,Madhup Basak
227,Life,519250,28281,2022-06-17,2027-04-10,132,50,Prerak Buch
228,Auto,675815,13188,2020-05-29,2026-06-20,990,9,Sahil Sen
229,Life,552577,44070,2020-02-01,2026-11-30,852,8,Vidur Borah
230,Auto,237714,12410,2022-06-14,2023-08-31,331,46,Bhamini De
231,Health,411421,47341,2020-01-31,2025-05-05,917,19,Vanya Goyal
232,Health,325545,33578,2021-02-25,2029-05-26,565,18,Vritika Anne
233,Health,662520,32649,2021-07-06,2024-08-22,96,33,Anahi Kale
234,Auto,251772,47372,2023-01-14,2025-01-02,158,11,Alisha Subramanian
235,Auto,662031,45590,2023-07-23,2028-05-28,346,37,Samarth Barad
236,Health,842713,6277,2019-10-22,2029-09-20,47,42,Vivaan Sarraf
237,Auto,338190,14486,2022-10-23,2029-04-30,586,27,Misha Varghese
238,Auto,675092,27412,2022-03-18,2022-05-28,643,35,Jayan Thaker
239,Life,677717,18594,2021-09-29,2024-02-17,251,44,Ehsaan Golla
240,Life,367690,8284,2020-02-27,2024-10-12,62,11,Riya Shanker
241,Life,474060,25900,2020-05-02,2028-10-27,349,39,Drishya Bose
242,Health,381324,37326,2024-08-06,2025-11-19,752,23,Baiju Raj
243,Life,217690,21674,2021-01-08,2026-06-05,576,7,Tanya Sarma
244,Life,317564,10513,2021-08-05,2026-11-07,461,16,Aarush Chakraborty
245,Health,187130,18060,2024-10-11,2027-10-21,394,40,Chirag Srinivas
246,Life,323443,43939,2020-08-07,2025-10-08,164,21,Onkar Zacharia
247,Auto,749016,13543,2023-08-05,2025-02-03,164,32,Rhea Ghose
248,Auto,520134,44558,2022-12-13,2025-09-08,510,2,Nakul Khosla
249,Health,950710,27745,2024-02-02,2025-09-07,990,16,Ojas Ramesh
250,Health,625010,7190,2024-01-04,2026-12-10,289,32,Rati Solanki
251,Auto,894106,34442,2022-04-18,2024-12-16,482,19,Inaaya  Dhaliwal
252,Auto,107360,9837,2022-03-19,2023-05-16,138,17,Mehul Chaudhari
253,Auto,429200,23146,2021-08-05,2028-08-06,47,26,Urvi Yogi
254,Health,613253,13759,2024-07-19,2029-03-05,567,19,Samiha Verma
255,Health,447714,25266,2023-04-30,2026-03-29,564,18,Kaira Bail
256,Auto,712359,10347,2021-07-25,2027-08-18,999,7,Jhanvi Chaudhry
257,Life,435879,49405,2020-04-02,2029-10-06,572,24,Ritvik Basu
258,Health,279152,27911,2021-07-29,2021-12-03,513,3,Aarna Sundaram
259,Health,135023,37112,2020-03-21,2027-02-13,824,31,Nitara Varughese
260,Auto,511290,32282,2022-01-14,2028-11-17,528,9,Krish Goswami
261,Life,938232,19334,2024-08-13,2026-09-07,403,40,Fateh Kibe
262,Auto,858342,31718,2023-12-02,2029-03-27,520,33,Lagan Dhar
263,Auto,540862,30332,2021-10-16,2029-09-29,487,2,Tara Sarraf
264,Life,398116,9932,2023-08-31,2024-08-09,427,38,Divyansh Rattan
265,Life,817079,37640,2024-04-27,2025-09-04,705,41,Zaina Handa
266,Health,637219,16949,2019-12-12,2027-04-29,672,50,Jiya Butala
267,Auto,619871,37463,2021-09-02,2022-03-29,598,31,Anahi Ravi
268,Health,571809,37453,2024-03-26,2025-03-13,794,25,Nitara Swaminathan
269,Health,839495,15899,2020-01-13,2029-04-15,587,45,Indrans Virk
270,Health,271706,24847,2021-10-21,2029-08-13,429,10,Yakshit Mani
271,Life,721450,23467,2023-11-19,2023-12-08,794,40,Yasmin Trivedi
272,Life,885536,38113,2022-10-30,2026-08-27,64,46,Nakul Srinivas
273,Health,566815,30240,2022-11-05,2026-06-11,679,31,Purab Sahni
274,Auto,439142,48051,2020-05-06,2021-07-11,471,35,Stuvan Dhingra
275,Life,591646,35414,2023-08-23,2029-07-18,889,47,Elakshi Hayre
276,Auto,678978,36199,2021-12-02,2026-12-14,625,31,Ishaan Dua
277,Health,961604,17555,2019-12-11,2022-08-11,306,15,Damini Sarna
278,Life,794057,36721,2022-01-13,2027-05-02,707,46,Bhavin Chowdhury
279,Life,385337,20696,2020-05-26,2028-06-23,957,47,Misha Barad
280,Life,359010,30806,2022-01-09,2024-10-01,557,25,Mahika Bains
281,Life,836540,47957,2020-01-02,2023-04-04,824,10,Tiya Khatri
282,Life,137860,47989,2020-12-24,2027-05-20,81,23,Mannat Garde
283,Life,690375,38630,2021-10-21,2026-09-15,220,13,Anay Handa
284,Auto,344019,30291,2023-11-22,2025-10-25,279,9,Lakshit Lad
285,Health,654109,31407,2021-05-15,2025-02-24,249,4,Samar Tank
286,Auto,914666,15155,2021-08-23,2029-09-15,239,4,Hrishita Sami
287,Health,471971,37281,2020-04-01,2023-04-12,103,44,Kashvi Hayer
288,Health,104663,29766,2023-02-17,2027-07-25,952,11,Miraan Mallick
289,Life,687604,44629,2022-11-19,2027-07-18,488,31,Samaira Gandhi
290,Auto,279510,48376,2021-05-09,2021-08-01,329,19,Aarav Sangha
291,Auto,153246,39593,2020-10-02,2026-12-12,668,37,Romil Soman
292,Health,581637,37540,2022-06-04,2027-02-08,960,3,Ayesha Rajan
293,Health,476096,42692,2021-01-01,2021-01-25,957,3,Purab Balakrishnan
294,Life,809165,13384,2022-12-02,2023-10-23,767,19,Abram Chandra
295,Health,108340,30558,2020-12-12,2023-11-03,110,22,Saira Sachdev
296,Life,508914,33859,2023-08-25,2027-07-12,537,32,Mannat Ramesh
297,Health,865954,26061,2020-04-07,2022-07-18,198,8,Vanya Dass
298,Life,246245,25651,2024-04-22,2026-05-11,264,46,Anay Chawla
299,Health,112676,20170,2021-04-19,2021-05-27,303,37,Emir Sengupta
300,Auto,781554,12897,2020-03-31,2024-02-25,877,41,Hansh Kumar
301,Life,844291,28188,2020-05-17,2021-04-22,89,26,Suhana Wadhwa
302,Auto,185847,49176,2023-08-31,2025-02-16,489,21,Alia Gade
303,Health,106147,22261,2022-11-03,2023-10-24,458,49,Adah Chhabra
304,Life,958631,18588,2023-09-29,2024-03-20,741,37,Bhamini Singh
305,Health,335398,21180,2023-06-06,2028-12-31,242,4,Lakshay Sarna
306,Auto,206402,18806,2019-12-31,2023-01-26,416,44,Stuvan Behl
307,Auto,930795,44951,2023-10-10,2027-01-24,789,20,Adira Tiwari
308,Auto,205674,46226,2024-05-01,2029-08-18,303,24,Fateh Zachariah
309,Auto,298764,48081,2021-03-14,2029-07-09,490,10,Zeeshan Buch
310,Life,772961,32258,2020-08-22,2024-03-05,426,45,Romil Gopal
311,Auto,921517,39081,2024-09-16,2027-09-01,822,43,Navya Rastogi
312,Health,785674,35615,2022-12-05,2026-04-24,611,6,Vivaan Buch
313,Auto,502073,36669,2020-05-06,2023-04-04,80,37,Kismat Babu
314,Health,155582,29644,2024-10-06,2029-08-02,518,13,Rohan Barad
315,Auto,582994,12404,2022-05-05,2026-07-31,875,34,Lakshay Sidhu
316,Life,204616,14243,2023-07-15,2027-03-04,598,32,Tanya Kara
317,Health,909000,25047,2024-07-12,2026-01-07,57,30,Zeeshan Dhingra
318,Health,561923,25556,2024-02-15,2027-02-18,60,36,Sahil Kothari
319,Life,705491,18868,2023-07-09,2027-01-26,23,26,Nitara Edwin
320,Life,834808,38561,2024-01-11,2028-02-29,593,5,Samarth Bhargava
321,Health,481328,36517,2024-07-28,2028-01-12,555,4,Baiju Hora
322,Health,987524,26243,2023-10-01,2028-11-04,294,27,Ranbir Venkatesh
323,Health,792075,39462,2022-09-02,2023-03-27,747,42,Umang Master
324,Life,437015,45110,2019-11-06,2025-03-04,460,25,Shalv Jhaveri
325,Life,172225,48387,2024-01-31,2027-12-18,896,35,Sahil Viswanathan
326,Health,688181,20650,2021-03-18,2028-06-08,183,35,Uthkarsh Ramaswamy
327,Life,575958,37754,2024-01-19,2029-04-19,229,1,Azad Vala
328,Health,980642,25835,2024-06-10,2024-11-03,737,35,Prisha Issac
329,Life,578740,42051,2023-04-08,2023-04-28,254,30,Madhup Kulkarni
330,Life,239609,13482,2021-05-13,2025-08-27,897,47,Arhaan Sehgal
331,Health,128996,34709,2022-04-26,2023-03-09,630,50,Hridaan Singh
332,Health,316600,8028,2023-10-03,2026-07-25,609,3,Yasmin Rau
333,Life,638006,36648,2021-03-09,2021-08-27,50,16,Jivin Ganesh
334,Auto,139813,24753,2021-04-16,2023-02-27,553,14,Tiya Soni
335,Health,226122,49707,2021-09-16,2026-06-25,240,47,Jayant Mannan
336,Auto,387013,31906,2022-03-14,2024-06-15,689,21,Himmat Yadav
337,Health,371588,11447,2023-12-29,2027-03-17,677,34,Samarth Sem
338,Health,472204,17382,2020-08-14,2025-08-12,571,38,Prerak Rajagopal
339,Auto,920420,33170,2023-10-24,2029-03-03,438,36,Saksham Sampath
340,Life,142196,20499,2020-08-19,2022-11-14,659,43,Raghav Goyal
341,Life,807224,19343,2024-07-26,2029-08-27,427,27,Samiha Mahajan
342,Health,369900,13275,2022-06-19,2024-05-13,551,31,Shalv Krishna
343,Health,864407,18533,2022-04-19,2027-02-24,725,10,Adah Rajagopal
344,Life,923267,30307,2022-10-04,2024-08-26,992,27,Tarini Roy
345,Auto,576993,22479,2022-09-10,2023-11-28,262,14,Ira Sehgal
346,Life,682035,46500,2023-10-31,2029-05-18,868,24,Dhanush Bhattacharyya
347,Health,582072,42323,2019-11-11,2029-07-31,53,18,Chirag Mahal
348,Life,706305,32131,2020-07-26,2029-01-05,895,5,Tanya Mani
349,Health,824186,31441,2023-09-11,2025-10-24,688,36,Gatik Baral
350,Health,531455,44126,2022-03-31,2027-05-30,341,20,Nakul Cheema
351,Health,290627,13551,2023-05-29,2023-08-16,760,8,Baiju Dugar
352,Auto,999615,26551,2019-10-30,2024-08-15,249,45,Lavanya Sheth
353,Auto,733392,22848,2023-02-12,2028-07-08,246,36,Miraya Sagar
354,Life,797962,22130,2023-08-26,2029-03-02,547,42,Biju Atwal
355,Life,377580,21184,2022-11-19,2028-02-17,904,32,Tejas Soni
356,Life,188747,49159,2024-03-23,2025-12-29,481,49,Pari Dhillon
357,Life,922897,21682,2022-11-05,2027-12-14,424,3,Jayan Basu
358,Auto,877676,38356,2019-12-11,2025-01-15,17,17,Advik Sandhu
359,Auto,941282,31061,2024-02-18,2026-08-20,428,19,Drishya Chander
360,Health,276573,15351,2024-06-10,2029-10-10,584,16,Samarth Deshmukh
361,Life,595578,47456,2024-08-26,2024-12-15,346,17,Ira Kant
362,Life,969857,33876,2021-04-13,2026-10-19,503,30,Arhaan Sastry
363,Health,759495,20848,2022-12-23,2025-08-14,144,47,Shamik Wali
364,Auto,539485,46260,2020-10-30,2021-08-25,556,42,Amira Goyal
365,Health,571550,42758,2023-08-12,2027-07-29,77,43,Ahana  Thakkar
366,Health,787905,23558,2024-09-23,2027-12-14,863,41,Pihu Iyer
367,Health,161171,11796,2020-08-03,2027-10-19,224,33,Faiyaz Cherian
368,Life,435881,32803,2022-11-28,2023-10-06,683,40,Hrishita Deep
369,Life,693356,5708,2024-07-15,2026-04-12,545,36,Kismat Dugar
370,Life,110666,28824,2022-11-12,2027-11-12,282,35,Heer Buch
371,Life,115428,41592,2023-12-03,2027-11-10,691,28,Rania Jayaraman
372,Health,196315,9334,2024-10-05,2025-11-17,153,16,Zeeshan Ram
373,Health,657803,16359,2020-09-28,2027-02-11,363,18,Jivika Samra
374,Life,171117,48168,2021-12-11,2027-01-12,471,37,Adira Wali
375,Health,991210,15164,2019-12-24,2028-11-20,701,6,Charvi Kala
376,Auto,992507,34245,2020-11-10,2021-03-10,33,6,Jayan Sawhney
377,Life,441338,29872,2021-09-20,2024-09-24,58,41,Nirvi Biswas
378,Health,732561,8721,2020-01-13,2024-06-08,866,28,Khushi Sathe
379,Auto,805939,30464,2023-01-25,2028-01-11,879,7,Shamik Sridhar
380,Auto,927237,15339,2023-10-18,2025-07-17,923,45,Kismat De
381,Auto,527950,7095,2021-06-16,2026-03-29,77,44,Myra Sahota
382,Life,909380,30358,2023-05-27,2025-02-07,34,12,Anvi Gola
383,Life,114092,14322,2024-08-16,2028-12-23,148,49,Kiara Saraf
384,Auto,838812,46799,2020-07-11,2024-08-27,307,11,Renee Lalla
385,Auto,316425,42559,2024-01-15,2024-01-23,399,44,Jhanvi Kuruvilla
386,Auto,398557,39002,2020-07-22,2022-01-16,144,45,Saira D’Alia
387,Auto,170585,38546,2021-10-15,2028-07-24,355,4,Manjari Gaba
388,Health,493379,42740,2021-02-28,2024-09-15,349,39,Divit Deol
389,Auto,959373,22852,2021-10-20,2023-03-21,793,21,Dhanush Rau
390,Health,670711,40260,2023-07-25,2023-09-01,462,32,Tara Singh
391,Health,420230,47351,2020-08-21,2023-02-05,443,12,Damini Kibe
392,Auto,627288,22103,2023-05-06,2025-05-20,791,40,Shanaya Kumer
393,Life,818250,37090,2023-12-06,2029-03-03,85,18,Drishya Seshadri
394,Health,442000,40275,2020-05-21,2023-08-26,158,48,Jayant Shan
395,Life,385010,9795,2020-03-25,2028-11-11,6,20,Jivin Wable
396,Life,423926,17139,2020-04-06,2025-06-15,136,6,Ela Din
397,Health,487882,30064,2021-11-02,2029-03-01,525,27,Faiyaz Ramakrishnan
398,Health,123636,20926,2023-12-23,2028-05-09,96,39,Zeeshan Wable
399,Auto,805995,43867,2021-12-22,2026-12-17,13,19,Anika Bhalla
400,Life,449020,8811,2020-02-04,2025-01-15,923,36,Oorja Virk
401,Health,614764,12631,2022-09-13,2027-12-28,390,11,Abram Sarraf
402,Health,342027,17078,2021-05-22,2025-09-26,150,5,Ivan Bhavsar
403,Health,491209,23950,2022-02-21,2028-08-24,496,5,Charvi Bains
404,Life,326530,16097,2020-11-10,2024-08-27,641,32,Nakul Kota
405,Auto,655002,25604,2023-12-28,2029-09-27,139,20,Lakshay Dave
406,Health,953941,19950,2020-02-06,2023-11-29,636,25,Shlok Shankar
407,Life,496201,24378,2023-10-29,2028-09-15,844,42,Shamik Sathe
408,Auto,222512,19430,2020-07-29,2029-01-17,971,45,Mamooty Das
409,Health,531109,12994,2022-10-04,2027-03-09,408,21,Mehul Jayaraman
410,Life,761387,33481,2024-01-24,2025-06-14,991,37,Badal Baria
411,Health,393298,17614,2022-08-25,2023-12-22,805,26,Mannat Kadakia
412,Life,202499,30373,2024-07-04,2027-08-21,607,35,Yuvaan Chahal
413,Health,713541,29754,2020-06-29,2022-01-24,976,47,Alisha Agrawal
414,Life,948677,14434,2020-04-04,2027-05-09,817,19,Azad Kurian
415,Auto,162243,43150,2020-12-19,2022-10-07,815,27,Priyansh Ahluwalia
416,Auto,549373,33500,2023-09-10,2029-04-10,248,17,Adah Dhar
417,Auto,238729,24041,2022-09-04,2028-05-09,387,5,Vidur Bose
418,Life,991631,26566,2024-09-10,2025-10-12,411,35,Tanya Sarin
419,Auto,931146,44134,2021-11-20,2029-06-11,429,35,Azad Ravel
420,Health,811649,21179,2020-08-27,2022-06-09,917,35,Purab Dave
421,Auto,674362,8824,2023-01-04,2027-08-14,788,16,Anay Rajagopal
422,Auto,698225,12485,2020-12-05,2022-05-02,628,3,Diya Master
423,Auto,985247,35486,2021-12-26,2025-01-04,410,49,Oorja Sen
424,Life,969145,24371,2024-10-08,2027-02-18,11,7,Hridaan Goda
425,Life,299801,38608,2022-04-23,2026-04-10,572,38,Nirvi Yogi
426,Auto,617712,25060,2020-04-09,2025-03-08,401,30,Ojas Srivastava
427,Auto,629731,27521,2022-05-30,2023-06-24,354,2,Alia Toor
428,Life,194094,23719,2022-11-14,2026-05-16,985,6,Jiya Dave
429,Health,848186,37857,2024-10-17,2024-10-22,357,20,Veer Gaba
430,Life,509799,14309,2020-08-29,2025-06-25,495,23,Pranay Dua
431,Life,187861,37490,2023-05-19,2029-04-12,464,21,Aradhya Dubey
432,Health,370238,41458,2024-03-13,2024-10-10,118,2,Seher Dutt
433,Life,683173,35471,2021-03-01,2026-07-23,169,48,Renee Wali
434,Health,564395,29836,2024-02-26,2028-07-01,339,36,Rohan Gupta
435,Life,962616,15434,2022-07-04,2022-08-26,415,41,Anay Dass
436,Health,267748,34579,2021-10-30,2022-07-12,406,2,Ivana Din
437,Auto,652696,13880,2021-02-14,2022-06-03,607,28,Kimaya Bawa
438,Life,104005,14666,2021-09-15,2028-04-24,286,49,Rati Ramanathan
439,Auto,827857,7815,2024-01-19,2026-12-11,105,35,Eshani Choudhary
440,Health,429214,13868,2021-08-17,2025-10-10,117,17,Anya Wason
441,Auto,876373,28747,2020-12-05,2028-06-08,655,21,Taran Dass
442,Auto,449775,22664,2021-02-03,2023-11-14,117,23,Farhan Butala
443,Life,860966,32781,2022-07-02,2028-12-26,834,44,Saanvi Chaudry
444,Auto,820552,46341,2024-04-14,2026-01-28,605,6,Tanya Bawa
445,Auto,220553,10304,2021-05-20,2023-10-31,313,8,Hiran Chana
446,Health,435975,11361,2021-10-03,2029-02-10,398,27,Hunar Bains
447,Auto,224081,22267,2023-08-02,2026-02-11,191,32,Kismat Khurana
448,Auto,583641,46362,2022-09-28,2024-07-31,954,12,Badal Sandal
449,Auto,250179,17998,2020-03-30,2027-07-21,192,21,Ishaan Dalal
450,Life,657469,43949,2024-07-16,2029-04-06,975,1,Amani Cheema
451,Life,222881,41685,2021-09-22,2024-11-23,987,36,Divit Acharya
452,Auto,687763,23411,2024-04-26,2027-03-22,504,27,Navya Karpe
453,Auto,855903,26991,2022-11-30,2025-12-11,85,37,Zeeshan Chowdhury
454,Health,816293,14924,2021-02-26,2022-08-24,34,18,Yasmin Solanki
455,Health,583848,12569,2022-12-12,2023-10-18,469,37,Ivana Lal
456,Auto,795293,27289,2022-10-02,2029-04-05,524,8,Eva Bhat
457,Auto,202786,39880,2020-08-25,2025-03-31,844,24,Jhanvi Bhasin
458,Auto,840350,6872,2024-01-11,2028-10-16,737,29,Reyansh Bir
459,Auto,296688,24132,2019-10-27,2026-10-28,754,42,Kanav Chaudhry
460,Health,367938,49969,2022-07-08,2025-05-27,461,17,Zoya Dubey
461,Life,875980,8914,2021-06-19,2023-01-22,887,8,Jivika Sandhu
462,Health,288890,38193,2023-08-30,2029-09-19,706,23,Tiya Raju
463,Auto,649236,24268,2023-08-02,2024-09-01,631,9,Purab Bakshi
464,Health,832177,41245,2024-08-10,2026-06-11,584,23,Riaan Borah
465,Auto,352977,29245,2022-02-27,2028-10-01,332,46,Mishti Som
466,Life,360400,17030,2020-01-28,2020-06-27,879,33,Pihu Shanker
467,Auto,833663,11102,2023-09-17,2025-08-15,769,27,Uthkarsh Char
468,Health,993238,44017,2021-09-08,2022-10-28,130,45,Neelofar Comar
469,Health,324710,37013,2019-11-01,2028-08-09,849,16,Tarini Chada
470,Auto,453431,11398,2022-05-28,2024-07-26,648,18,Damini Dar
471,Auto,472803,25340,2024-09-03,2024-11-30,649,50,Fateh Wason
472,Health,462566,38741,2020-12-14,2022-05-17,712,24,Tejas Kota
473,Life,955229,19728,2024-05-23,2029-05-24,3,50,Kismat Barad
474,Auto,183827,48747,2020-03-23,2022-09-19,651,43,Faiyaz Mane
475,Auto,422400,7850,2024-01-31,2029-09-08,548,26,Anaya Singhal
476,Health,971316,42118,2021-03-09,2025-12-18,507,18,Nehmat Ratta
477,Life,845509,20199,2022-11-12,2024-05-13,592,9,Advika Handa
478,Auto,867180,40474,2024-08-27,2029-08-12,916,44,Taimur Bora
479,Health,141349,33178,2024-05-26,2026-03-11,857,30,Divij Soman
480,Health,211813,43594,2024-08-11,2028-07-21,452,30,Dishani Mani
481,Health,992654,24251,2022-11-02,2023-09-29,706,9,Yuvaan Gola
482,Auto,371679,44349,2020-04-13,2022-02-04,898,18,Baiju Grewal
483,Health,689129,16268,2022-02-24,2024-09-02,381,43,Suhana Bora
484,Auto,248973,22835,2023-10-10,2027-06-30,313,47,Biju Bhardwaj
485,Auto,779709,24315,2020-11-16,2024-08-28,94,46,Vidur Biswas
486,Health,100978,26456,2022-09-09,2026-09-12,136,38,Divij Arora
487,Health,567500,25028,2020-02-02,2020-06-01,9,45,Veer Vasa
488,Life,835398,49467,2023-04-19,2029-09-05,433,45,Anaya Vasa
489,Health,529930,15303,2022-06-17,2024-06-29,92,47,Nayantara Dani
490,Health,192881,21540,2024-06-20,2026-10-07,307,9,Navya Taneja
491,Life,796114,38892,2020-07-29,2025-02-27,137,42,Damini Barad
492,Auto,228568,28873,2023-02-08,2025-01-12,9,40,Jayesh Bera
493,Auto,247705,20803,2021-04-13,2022-08-09,219,41,Kartik Jani
494,Auto,236237,23527,2021-06-13,2029-10-20,704,29,Himmat Gandhi
495,Health,178019,9521,2020-10-06,2022-05-09,771,8,Kimaya Saini
496,Auto,757008,20819,2024-03-27,2024-07-02,440,21,Tanya Sem
497,Health,323008,34008,2020-07-15,2021-06-07,255,36,Vaibhav Bose
498,Auto,640007,32342,2021-10-12,2025-07-12,798,45,Taran Badami
499,Health,863103,34628,2023-01-24,2029-09-19,309,14,Pari Din
500,Auto,646234,13489,2024-07-16,2026-01-08,402,19,Indranil Venkatesh
501,Auto,149112,45406,2021-02-05,2023-10-25,978,16,Raunak Vala
502,Life,447297,15849,2023-02-23,2026-01-03,654,39,Bhamini Guha
503,Health,575458,48996,2021-09-11,2028-08-07,370,21,Adah Ramachandran
504,Health,448154,42754,2020-08-02,2025-08-20,431,24,Sumer Yogi
505,Auto,714648,39323,2020-04-04,2023-10-07,978,50,Shayak Chowdhury
506,Health,115020,8039,2022-10-27,2029-03-07,269,14,Indranil Thaman
507,Health,930321,47691,2021-07-15,2025-04-15,408,33,Onkar Kamdar
508,Life,665714,27547,2023-05-30,2027-04-02,426,28,Shanaya Uppal
509,Auto,462050,33824,2020-11-14,2023-09-19,551,40,Rasha Khosla
510,Health,349721,18946,2023-02-13,2023-09-30,524,14,Romil Rout
511,Health,582751,22583,2023-07-19,2028-07-18,650,49,Ranbir Swaminathan
512,Auto,712950,7975,2022-10-30,2029-03-22,716,28,Ivan Shukla
513,Auto,958085,15739,2021-01-06,2026-01-08,251,6,Rania Bains
514,Life,204388,32553,2022-11-12,2027-12-11,57,20,Pranay Borah
515,Auto,767524,38330,2022-12-01,2025-05-16,123,1,Hazel Bal
516,Auto,223491,5511,2022-12-30,2025-04-22,509,23,Anya Barman
517,Auto,565501,42013,2023-03-11,2023-07-13,266,11,Riaan Varghese
518,Life,214238,40151,2024-02-26,2029-06-12,276,47,Madhup Banerjee
519,Health,794287,6321,2020-09-22,2028-01-04,827,28,Gatik Ghosh
520,Life,571469,16833,2023-01-13,2025-12-14,999,37,Jivika Ramachandran
521,Auto,169363,25484,2022-12-15,2024-07-12,369,4,Divit Som
522,Life,873424,12510,2022-07-04,2024-11-19,162,17,Onkar Agate
523,Health,904842,35335,2020-08-06,2026-07-03,119,15,Parinaaz Shanker
524,Auto,557942,6982,2022-01-09,2023-11-03,884,1,Manjari Subramaniam
525,Health,141383,21379,2020-04-26,2029-03-30,943,10,Ira Arya
526,Health,938044,43587,2024-04-27,2028-09-02,567,46,Shayak Lall
527,Auto,690133,15103,2022-12-11,2025-12-09,255,27,Aaryahi De
528,Auto,387942,42170,2022-07-13,2024-10-06,586,24,Umang Singhal
529,Health,551837,45587,2023-08-15,2028-07-03,184,15,Pranay Bhavsar
530,Auto,983272,47934,2022-10-10,2029-01-05,71,30,Ishaan Raval
531,Life,796175,18981,2024-09-28,2025-03-26,89,36,Lakshit Handa
532,Life,107172,14030,2024-04-24,2025-09-26,578,20,Shaan Jaggi
533,Auto,660446,25877,2024-03-08,2026-05-11,606,32,Pari Lalla
534,Health,759217,29595,2022-08-04,2023-02-11,816,16,Elakshi Venkataraman
535,Health,105740,23452,2023-06-21,2027-07-25,239,35,Tarini Dutt
536,Life,672348,36206,2021-10-12,2022-04-06,10,22,Shamik Lanka
537,Health,783036,21932,2019-11-07,2029-02-03,756,47,Advika Lal
538,Life,193554,28842,2022-01-10,2025-03-14,244,27,Emir Vaidya
539,Life,965067,48765,2021-09-11,2027-06-22,146,46,Zaina Dhar
540,Life,183724,46457,2023-04-25,2027-06-01,919,34,Neelofar Saxena
541,Life,730762,21762,2024-08-03,2029-08-20,998,48,Anahi Ganguly
542,Health,622694,27744,2021-04-04,2024-12-08,653,26,Emir Anne
543,Health,632706,7803,2019-11-16,2022-05-16,679,9,Manjari Rege
544,Health,362508,43291,2023-01-31,2024-09-13,949,26,Devansh Suresh
545,Auto,848710,19681,2024-07-24,2028-09-10,464,18,Alisha Bala
546,Health,167219,14122,2022-12-01,2024-08-25,799,50,Arnav Manda
547,Auto,198076,9755,2021-11-22,2025-02-03,461,30,Madhup Sani
548,Life,465861,29117,2019-12-22,2021-01-29,988,50,Sahil Swamy
549,Health,506725,25851,2023-04-08,2025-08-05,873,8,Misha Khosla
550,Health,241854,35872,2021-02-22,2026-01-22,847,46,Nirvi Balakrishnan
551,Auto,642972,14676,2021-08-07,2025-03-26,878,21,Shaan Lanka
552,Health,182092,16170,2019-12-04,2026-07-08,365,26,Indrans Savant
553,Auto,144056,18448,2024-04-05,2029-04-16,840,12,Arnav Banik
554,Health,956887,43457,2020-07-30,2028-05-02,570,48,Kanav Wagle
555,Auto,324867,25792,2020-02-03,2024-04-25,824,9,Aniruddh Ranganathan
556,Health,110761,42367,2023-09-18,2024-07-28,228,9,Zain Thaman
557,Health,841306,21751,2023-09-15,2028-09-24,646,42,Ishita Kaul
558,Health,624091,16647,2023-11-08,2029-10-15,833,5,Anika Chokshi
559,Health,997445,13899,2020-09-13,2027-10-12,662,29,Alia Gera
560,Health,182781,43127,2021-03-30,2029-08-01,829,22,Zain Bajwa
561,Health,138427,25745,2020-07-09,2021-04-03,173,37,Yakshit Ray
562,Life,839517,22775,2023-07-26,2027-07-27,31,25,Baiju Acharya
563,Auto,483998,20927,2023-09-25,2024-03-14,931,12,Drishya Chokshi
564,Life,351869,44754,2020-12-04,2027-03-24,36,40,Vaibhav Sharaf
565,Auto,655279,34128,2020-05-29,2029-08-31,511,27,Uthkarsh Batta
566,Auto,531128,8947,2019-10-31,2028-10-15,393,9,Vedika Dara
567,Life,279512,44809,2023-08-30,2024-01-04,539,16,Charvi Balasubramanian
568,Auto,994679,29465,2019-12-24,2021-09-06,20,25,Indrajit Sheth
569,Auto,423201,29503,2020-12-30,2023-04-01,497,23,Jayan Sarna
570,Auto,552154,22477,2023-03-03,2027-12-05,185,2,Mannat Bail
571,Life,637405,6319,2022-07-06,2023-04-29,831,50,Gatik Thaman
572,Life,152732,49619,2020-06-15,2029-09-29,543,23,Sana Gulati
573,Auto,999645,48829,2024-08-14,2026-04-14,103,16,Samaira Raja
574,Auto,317038,29016,2020-10-02,2020-11-03,811,48,Anahi Kamdar
575,Health,787645,47651,2024-03-17,2028-04-06,590,25,Arnav Tripathi
576,Life,941685,49619,2020-09-26,2025-07-11,178,12,Dhanush Baria
577,Health,633268,41279,2023-06-04,2025-05-16,715,23,Jhanvi Borde
578,Auto,125386,36525,2021-02-03,2027-04-07,971,37,Jiya Halder
579,Auto,227892,47677,2021-12-28,2028-07-25,857,32,Kiara Gala
580,Auto,378148,27070,2024-02-11,2029-06-24,93,4,Gatik Kalita
581,Health,641497,5897,2023-08-06,2024-11-01,490,1,Chirag Yadav
582,Life,926107,14066,2023-12-04,2024-02-03,134,22,Shaan Date
583,Auto,259714,41109,2022-05-14,2029-01-21,890,21,Saksham Gade
584,Health,119722,31397,2020-02-09,2022-10-11,940,10,Seher Brar
585,Health,861833,43730,2020-07-06,2029-04-30,984,5,Shaan Thaman
586,Life,734084,34796,2022-01-16,2027-06-16,601,7,Shalv Sarin
587,Life,371589,11140,2023-10-09,2026-09-15,162,47,Aarav Wable
588,Life,812658,48230,2021-04-03,2026-04-06,665,21,Ojas Sachdev
589,Health,736465,30289,2020-12-23,2028-02-08,911,40,Nirvaan Grover
590,Life,300913,31503,2021-04-30,2023-04-05,180,25,Nirvi Kata
591,Life,760595,18253,2022-07-12,2024-12-21,182,47,Charvi Bhatia
592,Health,953909,47691,2021-06-15,2022-10-05,401,50,Indrans Anand
593,Auto,129144,32107,2023-03-18,2023-12-22,944,40,Mannat Suresh
594,Health,675682,9685,2020-11-28,2021-02-25,509,10,Emir Sood
595,Life,770809,15710,2024-04-05,2027-10-17,328,11,Aarna Thakur
596,Auto,896788,8993,2023-09-26,2026-02-12,726,43,Ela Wagle
597,Auto,756357,20109,2021-03-23,2024-04-01,12,17,Ishita Ahluwalia
598,Health,324587,8051,2024-01-18,2025-09-15,263,7,Azad Tiwari
599,Auto,101153,22367,2022-05-07,2027-07-21,751,27,Manikya Babu
600,Health,896097,27189,2024-09-21,2028-01-05,388,23,Vihaan Verma
601,Auto,437813,42296,2023-08-16,2027-05-04,808,37,Jiya Gulati
602,Auto,782419,15151,2020-01-27,2022-09-26,463,5,Nehmat Dugal
603,Health,365418,19342,2020-05-25,2021-02-07,975,7,Vritika Saxena
604,Health,407627,44957,2023-12-29,2025-01-14,165,47,Rohan Tara
605,Health,592342,45416,2022-08-03,2024-10-09,96,22,Navya Krishnamurthy
606,Auto,986748,45195,2022-01-20,2028-04-15,722,2,Yuvraj  Gera
607,Life,948198,12425,2023-10-13,2027-09-16,912,28,Nirvaan Sankaran
608,Health,148200,19899,2023-08-19,2024-07-29,998,13,Kiaan Datta
609,Life,727477,37492,2021-03-23,2029-02-22,748,35,Myra Upadhyay
610,Life,694538,18383,2021-04-15,2029-03-08,99,4,Hunar Srinivas
611,Life,614593,42793,2021-04-12,2029-03-31,158,4,Aaryahi Dyal
612,Life,103434,8943,2021-12-27,2028-06-02,844,43,Gokul Krish
613,Auto,640194,13985,2022-05-25,2028-12-06,27,14,Aaryahi Sankaran
614,Health,674372,48968,2022-05-26,2025-04-24,485,8,Neelofar Balan
615,Life,806389,26193,2021-05-30,2028-12-31,917,43,Saira Atwal
616,Life,182023,29486,2021-02-14,2022-10-29,190,24,Mehul Handa
617,Life,432462,25060,2023-05-04,2026-02-10,270,29,Taimur Yogi
618,Life,337061,42669,2021-07-07,2026-03-24,578,4,Madhav Bir
619,Health,777012,35036,2021-12-02,2024-07-08,88,43,Samaira Das
620,Life,827362,23629,2021-08-29,2024-08-17,775,38,Zeeshan Kurian
621,Health,598242,42836,2021-03-07,2023-06-08,839,34,Tejas Solanki
622,Life,969065,35918,2023-12-03,2029-08-17,959,31,Romil Ramakrishnan
623,Auto,893488,26432,2021-01-25,2021-02-26,81,26,Rati Rana
624,Auto,131256,30705,2024-06-16,2024-06-18,530,37,Krish Dada
625,Auto,984479,11635,2023-10-10,2029-03-16,973,49,Devansh Sule
626,Life,255591,49297,2020-06-19,2026-09-06,996,14,Anya Agrawal
627,Health,213567,24052,2020-08-24,2025-12-06,700,28,Farhan Baral
628,Health,997542,33225,2022-10-31,2029-03-14,855,39,Myra Gupta
629,Life,387775,37720,2021-02-09,2024-09-17,827,5,Sumer Dara
630,Health,449289,22881,2022-02-16,2023-06-29,334,18,Faiyaz Gola
631,Auto,512341,44306,2024-06-10,2028-05-17,806,45,Shayak Bahl
632,Auto,628818,40176,2024-09-16,2025-04-03,116,27,Krish Yadav
633,Health,233380,31457,2023-08-14,2029-01-14,777,7,Akarsh Gour
634,Health,606415,9545,2023-07-16,2028-09-08,293,35,Fateh Viswanathan
635,Life,890104,16886,2022-12-15,2023-07-02,671,32,Neysa Ramakrishnan
636,Auto,648066,6686,2024-07-15,2025-04-28,283,26,Aniruddh Rout
637,Health,656420,35637,2024-09-20,2026-12-21,412,3,Madhup Amble
638,Life,900617,19917,2020-02-08,2022-06-21,244,4,Aradhya Chowdhury
639,Auto,527696,17086,2020-12-23,2021-03-20,382,2,Shamik Issac
640,Life,835647,18637,2024-08-13,2027-01-28,288,32,Alia Rout
641,Auto,716367,48762,2023-04-26,2028-08-29,234,9,Ishita Agrawal
642,Life,976797,24940,2024-04-11,2025-09-30,846,21,Kiaan Butala
643,Life,755919,32224,2023-02-24,2026-12-08,92,13,Sara Chowdhury
644,Life,290251,42079,2020-08-28,2022-02-24,759,32,Nishith Baral
645,Auto,880470,41946,2020-04-28,2028-02-16,528,11,Manikya Vasa
646,Health,380011,27806,2024-01-30,2028-02-16,139,50,Raghav Bhagat
647,Auto,891399,6303,2022-01-24,2029-04-19,198,13,Adah Sen
648,Health,324541,25540,2022-04-14,2023-06-04,941,24,Aniruddh Sundaram
649,Auto,279199,21576,2023-01-02,2028-09-14,476,33,Sana Halder
650,Life,671869,10574,2020-10-03,2025-07-16,32,16,Dishani Sha
651,Life,539908,25075,2021-07-08,2028-08-10,984,31,Zain Kothari
652,Auto,596200,20491,2022-05-11,2028-05-20,858,17,Prisha Madan
653,Auto,847783,9068,2022-06-19,2025-02-08,29,25,Taimur Lata
654,Health,246617,30752,2022-03-22,2027-10-22,989,14,Pranay Dasgupta
655,Health,682642,35496,2024-07-18,2029-07-06,276,42,Ayesha Vyas
656,Life,561953,43908,2022-08-30,2023-10-19,991,50,Zaina Tata
657,Auto,108008,46018,2021-03-07,2026-05-16,663,12,Mahika Karnik
658,Auto,820778,15070,2024-08-07,2029-04-29,623,20,Kabir Sur
659,Auto,970322,33923,2022-04-01,2025-02-19,434,25,Rania Divan
660,Life,513098,14819,2020-01-10,2024-10-12,310,44,Gatik Anne
661,Auto,841880,22872,2019-11-19,2021-10-19,105,1,Myra Rajagopal
662,Auto,999486,48492,2023-03-15,2024-03-17,860,24,Tara Thakkar
663,Auto,682608,32407,2023-10-30,2027-08-14,306,44,Yasmin Dey
664,Health,533565,20133,2022-12-19,2024-09-27,284,41,Saira Ghose
665,Life,875342,16752,2023-07-19,2029-07-12,729,42,Veer Bhatt
666,Life,269524,28278,2023-06-21,2028-07-11,247,4,Vardaniya Chokshi
667,Auto,463689,19381,2021-10-26,2026-08-21,144,47,Zaina Dara
668,Health,689861,49886,2019-11-16,2020-06-05,266,27,Neysa Ghose
669,Life,449447,6589,2022-10-16,2024-06-13,726,37,Nirvi Chand
670,Health,408850,37102,2022-12-11,2026-05-07,703,35,Amani Upadhyay
671,Auto,806407,45794,2023-12-13,2029-08-19,688,23,Emir Chahal
672,Auto,370175,12649,2022-11-08,2024-03-13,674,36,Taran Lanka
673,Health,364406,26185,2023-12-19,2024-03-27,759,17,Madhup Batta
674,Auto,827509,39331,2020-10-18,2021-11-10,188,44,Stuvan Bhat
675,Life,688991,15001,2023-12-23,2025-12-30,229,48,Tejas Mallick
676,Life,478425,44908,2021-06-21,2024-12-19,381,17,Ritvik Thaman
677,Auto,364646,43305,2024-08-04,2026-02-02,482,4,Shayak Bassi
678,Auto,625217,47494,2022-09-10,2026-05-04,73,31,Sahil Choudhary
679,Health,550430,44037,2024-07-04,2028-09-20,391,34,Darshit Karnik
680,Life,471797,44188,2020-05-20,2024-04-24,155,9,Piya Wagle
681,Health,408403,49424,2021-08-21,2024-08-07,915,30,Bhavin Gill
682,Health,384745,37205,2022-03-04,2026-10-02,798,6,Shalv Kalita
683,Life,399367,49399,2021-02-26,2029-05-21,321,41,Manjari Kala
684,Health,104242,17309,2022-03-10,2023-11-18,780,50,Gatik Kale
685,Health,618651,12130,2020-07-03,2023-02-16,805,49,Nayantara Ram
686,Health,216465,24517,2021-01-01,2028-02-28,440,26,Ivana Din
687,Life,968795,22249,2021-02-07,2029-02-18,39,35,Shalv Behl
688,Health,757593,47753,2022-06-24,2024-05-14,914,21,Nirvi Kannan
689,Auto,271519,35454,2020-12-18,2021-10-06,642,47,Siya Goel
690,Health,303639,44464,2020-02-10,2026-08-22,320,9,Mannat Rajagopalan
691,Health,445195,31490,2020-09-07,2022-11-14,172,5,Sara Hora
692,Health,368382,18087,2024-03-17,2027-01-05,746,34,Riaan Baral
693,Auto,571706,24515,2023-05-19,2025-10-22,704,9,Lagan Bawa
694,Life,996525,27058,2020-07-07,2021-12-30,769,13,Vaibhav Shukla
695,Health,953276,46319,2024-05-30,2027-02-11,414,2,Aniruddh Chada
696,Health,301889,49320,2023-02-03,2029-06-16,217,47,Divyansh Lad
697,Health,630724,12604,2020-02-26,2026-11-04,376,46,Saanvi Das
698,Auto,812914,21884,2023-04-13,2025-05-28,656,17,Mehul Sani
699,Auto,660821,31727,2022-12-11,2029-03-27,50,43,Ira Gaba
700,Health,688211,5888,2021-04-06,2023-09-21,707,8,Aaryahi Tank
701,Life,499883,10562,2022-10-25,2026-03-17,259,31,Krish Saran
702,Auto,237814,36284,2020-04-30,2027-10-26,646,1,Yasmin Rao
703,Life,478784,9544,2024-03-09,2027-11-29,533,18,Neelofar Sampath
704,Auto,645071,11172,2022-04-12,2026-08-17,851,7,Pihu Dyal
705,Auto,746890,10298,2022-02-08,2024-09-21,117,7,Aniruddh Agate
706,Life,278782,13989,2023-10-02,2029-03-30,270,34,Vardaniya Ganguly
707,Health,422130,23439,2023-08-21,2027-10-17,165,3,Riaan Bhat
708,Auto,546719,14346,2022-04-19,2025-11-14,956,31,Divyansh Krishna
709,Life,311055,5574,2021-08-03,2022-05-31,92,8,Nirvaan Chaudhry
710,Auto,702120,11712,2021-04-16,2027-07-13,93,50,Vedika Walia
711,Auto,167543,37561,2021-11-11,2027-11-12,927,17,Kiaan Bahri
712,Auto,308044,49490,2022-08-19,2026-07-08,304,17,Anahi Sankaran
713,Life,145072,41593,2024-02-07,2027-05-01,896,3,Bhavin Karan
714,Life,424193,35454,2020-04-19,2023-06-23,437,48,Akarsh Kari
715,Health,185499,39119,2023-01-19,2026-09-08,47,1,Azad Hans
716,Health,697020,12673,2024-09-12,2027-09-26,367,29,Drishya Gole
717,Auto,341478,37988,2021-01-22,2028-04-25,382,22,Badal Kade
718,Health,202449,23011,2024-03-01,2029-05-28,468,18,Umang Ghose
719,Life,720912,26521,2021-07-31,2022-09-26,432,42,Tarini Datta
720,Health,201751,36328,2024-01-10,2026-05-01,61,11,Nehmat Savant
721,Health,474425,31584,2022-01-04,2022-07-22,822,37,Pari Deshpande
722,Auto,494347,32510,2019-12-03,2024-05-05,798,23,Jiya Kamdar
723,Auto,125935,35801,2024-03-24,2026-08-21,859,47,Samar Manne
724,Health,534772,26966,2023-02-06,2023-07-11,909,27,Aarush Wadhwa
725,Life,141375,16773,2020-05-16,2029-10-07,322,1,Aarush Yohannan
726,Auto,881499,28617,2024-03-03,2028-04-28,762,37,Vidur Raval
727,Auto,608511,49005,2021-08-24,2026-03-01,686,22,Kiara Chokshi
728,Auto,570793,36526,2024-10-01,2025-12-25,98,28,Dhanush Mandal
729,Auto,753987,26687,2020-08-11,2029-03-20,680,44,Jhanvi Trivedi
730,Auto,446389,42756,2020-09-13,2029-10-15,572,40,Lavanya Bhatt
731,Health,110480,47047,2020-08-15,2027-08-27,518,31,Aarav Bava
732,Life,882474,8369,2024-04-07,2024-11-22,504,21,Sara Golla
733,Health,397805,17517,2023-09-08,2027-04-07,520,15,Ehsaan Kumer
734,Auto,678986,23147,2020-01-28,2028-12-01,241,6,Riya Kannan
735,Life,499770,30787,2022-07-09,2028-11-22,91,32,Gokul Jha
736,Life,384455,49130,2020-12-01,2026-02-15,764,42,Shamik Bhatt
737,Health,192379,23555,2024-03-18,2029-06-09,571,36,Jayan Kumer
738,Health,843318,40630,2020-09-18,2027-08-01,987,40,Shayak Sundaram
739,Auto,374138,27875,2020-06-26,2028-10-11,212,42,Krish Barad
740,Auto,510587,20338,2021-07-22,2022-04-07,846,4,Riaan Mane
741,Health,859886,19939,2021-11-23,2022-11-17,786,40,Shaan Biswas
742,Auto,525820,34573,2023-12-17,2029-09-17,734,29,Yasmin Chand
743,Health,187693,34651,2022-09-25,2025-08-24,3,22,Ayesha Kakar
744,Life,846896,48400,2022-12-13,2023-06-25,299,36,Ela Vyas
745,Auto,436501,9785,2020-11-20,2026-05-04,919,11,Suhana Vyas
746,Life,226404,37259,2023-05-29,2028-09-24,739,27,Faiyaz Handa
747,Health,328860,13816,2021-08-17,2026-09-12,124,26,Amani Chad
748,Health,511341,40164,2023-10-16,2024-08-08,734,22,Ojas Loke
749,Health,781434,7093,2021-06-15,2024-12-20,649,44,Hazel Batra
750,Auto,210897,45129,2021-06-18,2023-11-27,469,43,Mehul Srinivasan
751,Auto,960571,11059,2022-08-22,2022-11-02,511,1,Krish Dhar
752,Auto,762593,29895,2023-03-23,2023-04-30,444,38,Sahil Rajagopalan
753,Life,931934,40149,2023-05-04,2028-09-25,933,12,Shaan Kapoor
754,Auto,620699,37872,2022-05-14,2027-11-10,132,7,Aaryahi Sarma
755,Life,691770,32277,2022-06-26,2025-01-27,330,33,Heer Bobal
756,Life,476798,32405,2020-10-11,2029-07-17,710,49,Madhav Rana
757,Health,346236,48362,2024-07-18,2026-01-18,994,19,Tara Bhatt
758,Life,824317,11218,2022-08-11,2025-05-19,617,45,Anaya Dey
759,Auto,561065,42938,2020-02-22,2026-02-13,561,21,Madhav Sodhi
760,Auto,763137,29911,2020-05-10,2026-02-23,223,13,Lakshay Dubey
761,Health,661751,18076,2023-01-11,2026-03-16,354,44,Inaaya  Sarraf
762,Health,983202,34254,2023-05-04,2026-02-01,982,12,Miraya Manda
763,Auto,588242,33659,2023-06-14,2029-04-25,728,8,Inaaya  Korpal
764,Life,606052,31226,2022-01-25,2024-07-23,966,43,Ayesha Baral
765,Auto,475730,38654,2021-09-29,2024-05-12,862,35,Ivan Gara
766,Life,889730,24007,2021-10-30,2027-04-14,14,34,Prerak Venkatesh
767,Health,122745,11540,2020-07-18,2020-12-23,687,4,Tushar Soni
768,Health,340280,40349,2023-09-15,2024-11-08,294,44,Aaina Tripathi
769,Life,231786,7791,2023-01-21,2026-03-05,804,19,Tarini Brar
770,Health,778235,6454,2020-03-01,2027-04-29,834,29,Mohanlal Bakshi
771,Health,654498,35399,2021-10-24,2029-05-26,576,15,Lakshit Guha
772,Auto,682408,22500,2023-07-20,2029-05-01,524,45,Amani Dave
773,Life,723642,7114,2022-06-14,2029-08-27,391,25,Arhaan Venkataraman
774,Life,961032,48912,2024-07-21,2026-09-11,321,36,Keya Keer
775,Health,111669,16310,2020-11-03,2022-09-29,636,50,Renee Bala
776,Life,846985,46017,2019-11-28,2023-08-12,722,46,Armaan Rastogi
777,Auto,430967,31477,2021-11-21,2024-09-27,757,39,Anvi Shah
778,Health,798532,48393,2020-10-07,2029-01-10,302,29,Piya Sethi
779,Health,985108,8351,2020-12-14,2021-11-08,986,12,Dhanush Salvi
780,Auto,562462,21974,2019-11-23,2027-05-01,439,18,Vivaan Dhaliwal
781,Auto,337816,12242,2023-07-05,2029-06-25,867,17,Divit Upadhyay
782,Health,397507,36936,2024-01-26,2026-05-03,159,3,Diya Subramanian
783,Health,935765,31860,2024-02-15,2028-05-12,793,41,Eshani Maharaj
784,Auto,858826,18552,2024-02-27,2026-09-30,809,37,Damini Rattan
785,Auto,422277,40281,2023-12-26,2029-04-01,326,34,Anahita Sarma
786,Health,961289,28427,2024-09-29,2028-10-20,806,33,Divyansh Dhingra
787,Health,474338,29167,2020-07-16,2028-05-01,95,23,Zeeshan Bandi
788,Health,895057,34850,2020-04-06,2026-08-26,340,24,Yasmin Chowdhury
789,Life,296601,38870,2024-08-29,2027-09-03,544,31,Akarsh Luthra
790,Auto,841320,49151,2021-07-16,2029-08-09,10,8,Tarini Koshy
791,Auto,411407,15816,2024-03-13,2027-07-31,658,40,Elakshi Varty
792,Auto,319444,6794,2023-06-04,2028-01-12,907,21,Hunar Andra
793,Life,924339,47524,2019-12-24,2023-11-15,396,17,Veer Tailor
794,Auto,751578,6112,2022-08-14,2023-02-17,530,50,Badal Vyas
795,Life,562878,27893,2022-07-01,2023-09-08,499,3,Divit Bava
796,Life,908453,13663,2022-02-13,2028-07-16,527,6,Arnav Sha
797,Health,250655,48032,2023-07-28,2027-01-12,551,35,Divit Swaminathan
798,Health,664240,14485,2021-09-12,2023-07-15,645,50,Jayesh Tripathi
799,Health,878456,24089,2024-08-03,2026-12-27,107,14,Anika Kamdar
800,Auto,845874,44539,2020-04-02,2024-06-25,760,50,Prisha Banik
801,Life,681905,47289,2020-01-23,2029-03-31,765,44,Vedika Raval
802,Health,121378,37259,2024-08-17,2026-01-10,39,6,Baiju Dora
803,Health,148841,40740,2022-07-02,2024-04-02,572,5,Hrishita Kapadia
804,Auto,839457,45994,2023-03-11,2023-10-14,418,25,Rania Sheth
805,Life,667196,24486,2024-08-19,2028-06-12,18,25,Ayesha Guha
806,Auto,206475,5265,2021-02-05,2023-01-11,738,40,Shamik Doctor
807,Health,780365,31352,2022-07-13,2025-12-19,718,5,Ranbir Sen
808,Life,935243,9776,2021-09-24,2028-12-19,806,44,Shray Shanker
809,Life,645909,17668,2021-06-25,2029-06-06,949,29,Piya Wable
810,Life,455602,34733,2022-05-23,2027-02-21,486,11,Nirvaan Bali
811,Auto,297879,38604,2021-04-26,2028-09-19,816,35,Arhaan Lad
812,Life,964121,11483,2022-08-16,2027-07-13,694,47,Sahil Bajwa
813,Auto,435817,47726,2020-01-20,2023-01-13,567,36,Ehsaan Sandhu
814,Health,210912,5226,2023-08-22,2023-11-29,611,26,Yuvaan Sehgal
815,Auto,592773,8831,2021-12-10,2023-07-02,216,48,Yasmin Korpal
816,Auto,913192,20473,2021-11-30,2023-10-07,423,42,Lagan Doctor
817,Auto,228210,13280,2021-01-26,2026-05-14,632,17,Riaan Wagle
818,Health,203160,35194,2023-07-18,2024-08-05,581,4,Vihaan Bumb
819,Auto,515139,29735,2020-06-09,2028-08-10,298,43,Mahika Varma
820,Health,325619,13884,2022-04-22,2028-06-29,595,32,Nayantara Ramaswamy
821,Life,421425,35208,2021-04-24,2022-02-24,241,7,Ehsaan Kota
822,Life,657564,45505,2020-12-15,2029-05-22,326,32,Hrishita Sinha
823,Life,395511,34674,2020-12-08,2022-04-24,711,38,Dhruv Zacharia
824,Health,608997,21402,2023-11-20,2026-10-02,324,28,Sana Korpal
825,Health,104349,16078,2024-08-17,2028-03-19,227,46,Dhanush Chowdhury
826,Auto,676755,17451,2021-01-09,2025-09-06,369,9,Nitara Verma
827,Auto,759676,44505,2022-02-19,2027-02-16,474,29,Dhanush Rastogi
828,Life,797290,26914,2023-05-17,2029-04-27,112,12,Divij Ramaswamy
829,Auto,645965,42881,2023-03-05,2026-07-05,880,9,Anya Batra
830,Auto,276789,38010,2022-02-25,2025-02-19,642,5,Baiju Kala
831,Auto,167860,5838,2022-06-30,2028-05-13,520,41,Vanya Kulkarni
832,Health,831378,31051,2023-07-06,2024-11-23,788,38,Ahana  Kumer
833,Health,915673,29822,2022-12-19,2028-11-20,557,35,Anahi Bava
834,Life,688517,11688,2023-09-28,2024-10-14,402,15,Chirag Mani
835,Auto,759904,18095,2024-08-28,2026-04-25,476,33,Bhamini Gupta
836,Auto,181499,21374,2023-11-14,2023-11-17,11,43,Navya Ahluwalia
837,Health,863184,41294,2019-10-25,2021-12-21,629,44,Neelofar Kanda
838,Health,781485,11317,2024-09-17,2028-04-25,164,12,Sara Devi
839,Auto,953841,34674,2022-05-28,2025-04-08,991,10,Ahana  Krishnan
840,Auto,758804,47263,2022-04-09,2023-12-08,42,15,Rati Ahluwalia
841,Life,308575,16896,2021-09-01,2026-10-29,240,3,Damini Ray
842,Auto,286097,45848,2020-02-22,2027-04-16,370,25,Aarna Yadav
843,Life,926112,44670,2022-09-12,2029-10-14,41,42,Sara Raju
844,Life,192903,48580,2020-07-19,2029-09-28,649,18,Hrishita Roy
845,Auto,336984,29496,2022-05-22,2027-07-02,179,25,Rasha Deshpande
846,Auto,440667,31446,2021-06-12,2027-05-23,920,5,Aarush Cheema
847,Auto,326428,48770,2024-09-30,2025-12-12,229,34,Uthkarsh Malhotra
848,Life,417608,44047,2023-03-25,2027-06-29,499,31,Anay Sabharwal
849,Auto,105938,44692,2021-07-25,2025-07-25,451,11,Umang Shan
850,Health,169379,33956,2023-12-24,2028-06-30,217,10,Vedika Varughese
851,Health,241622,32091,2022-03-30,2025-01-11,837,8,Renee Saran
852,Auto,307312,41503,2023-02-02,2025-11-05,738,8,Aarush Mann
853,Life,707706,26556,2021-01-08,2025-06-15,605,11,Reyansh Chauhan
854,Auto,850029,6010,2019-12-16,2028-07-20,45,9,Madhup Bhattacharyya
855,Auto,633113,11063,2021-01-29,2024-01-10,525,3,Amira Goyal
856,Auto,232179,12485,2019-12-19,2024-05-13,945,12,Hiran Bumb
857,Auto,962415,31971,2023-05-22,2026-09-24,578,41,Suhana Dar
858,Health,890658,37759,2022-12-24,2029-03-12,842,19,Kaira Dey
859,Health,294934,32294,2022-06-26,2025-08-18,483,31,Mehul Bawa
860,Health,297427,23485,2022-03-29,2028-10-15,147,38,Nirvi Kala
861,Health,660891,27986,2023-05-23,2024-11-23,172,47,Zara Saha
862,Auto,408404,25406,2021-12-15,2026-02-18,605,5,Aaryahi Agarwal
863,Health,440390,10950,2021-07-07,2026-03-28,17,13,Zara Sangha
864,Auto,873633,27696,2024-01-28,2024-07-30,430,10,Darshit Balasubramanian
865,Auto,186669,26414,2020-03-21,2022-09-04,630,39,Saksham Lall
866,Health,889977,28914,2024-04-17,2027-12-09,771,8,Faiyaz Rau
867,Health,534017,10865,2023-09-18,2029-04-14,618,35,Kismat Ramachandran
868,Health,907272,39869,2023-02-11,2028-04-28,665,28,Lavanya Das
869,Auto,478616,44367,2021-09-15,2028-02-19,715,34,Nirvaan Krishnan
870,Life,306538,41104,2021-06-19,2027-08-17,809,50,Eshani Kapoor
871,Life,415466,41208,2023-06-16,2028-03-01,930,49,Ishita Sem
872,Auto,618509,24147,2023-03-12,2027-08-19,261,31,Shray Kunda
873,Health,919077,8772,2020-11-05,2028-06-16,613,35,Ivana Virk
874,Life,332024,5246,2023-06-29,2028-01-27,762,1,Uthkarsh Ghosh
875,Auto,570287,28389,2021-05-03,2027-08-27,385,42,Nishith Ganesan
876,Health,718990,19216,2020-02-13,2028-06-21,371,7,Anvi Magar
877,Health,483464,31342,2023-12-22,2025-12-14,268,35,Himmat Bhandari
878,Life,608203,32535,2024-09-25,2029-03-07,697,26,Uthkarsh Kuruvilla
879,Health,471905,40270,2021-12-23,2029-10-04,495,12,Aniruddh Sama
880,Life,603184,26769,2021-06-23,2029-05-20,315,37,Riaan Chakrabarti
881,Life,796775,22916,2022-10-15,2023-04-11,142,43,Anahi Bose
882,Health,773033,25097,2021-02-11,2028-01-23,717,11,Kabir Loke
883,Health,293012,23025,2020-07-20,2021-07-06,347,36,Yuvaan Kannan
884,Auto,727352,36806,2023-09-09,2027-06-20,165,25,Ahana  Sampath
885,Auto,104762,9099,2021-10-01,2027-09-18,149,31,Dhanuk Lata
886,Auto,491840,7884,2020-05-18,2021-02-24,228,24,Nehmat Mani
887,Health,648126,37602,2023-07-12,2025-10-11,954,26,Damini Subramaniam
888,Auto,690558,17891,2024-09-07,2029-07-09,987,39,Madhav Babu
889,Health,951144,41910,2022-11-17,2024-09-16,656,32,Ranbir Bail
890,Life,109639,43276,2023-05-31,2024-10-02,954,34,Hiran Hari
891,Life,275272,40278,2020-10-19,2021-09-27,523,34,Nakul Borra
892,Auto,308504,12627,2022-03-07,2026-11-28,37,24,Charvi Chandra
893,Health,689517,48904,2023-02-12,2026-02-03,89,18,Eva Loyal
894,Life,417815,22781,2022-02-17,2028-10-06,601,13,Mannat Loyal
895,Auto,113830,36663,2023-04-13,2029-09-11,942,6,Dhanush Cherian
896,Auto,356044,42339,2021-01-01,2026-02-15,937,38,Yakshit Dani
897,Life,412728,41698,2022-11-25,2026-12-02,232,39,Prerak Kaur
898,Health,509283,23178,2023-03-25,2024-12-17,5,17,Anika Singhal
899,Health,466421,9791,2021-01-21,2027-10-22,75,33,Arhaan Ahluwalia
900,Life,405969,10265,2023-10-04,2024-12-11,526,17,Manikya Kumar
901,Auto,831833,30870,2022-10-27,2027-04-14,711,29,Anay Mann
902,Life,606852,39649,2024-02-24,2027-10-18,776,22,Piya Sarma
903,Life,713435,45344,2024-08-21,2026-01-03,883,2,Neelofar Sur
904,Life,204641,8040,2022-06-19,2028-05-02,649,15,Shaan Bali
905,Auto,731058,41007,2022-01-28,2027-04-26,423,23,Sahil Krishnamurthy
906,Auto,582087,36537,2023-10-11,2025-09-04,270,16,Saira Raman
907,Life,183708,35316,2023-12-14,2027-02-20,841,22,Mamooty Toor
908,Health,599096,13032,2022-03-30,2029-01-01,322,23,Miraan Halder
909,Health,904885,17108,2022-04-20,2027-07-24,970,48,Divyansh Sehgal
910,Auto,937230,13558,2020-04-29,2028-08-13,755,13,Saira Mangat
911,Health,761886,44273,2023-08-02,2027-06-20,212,15,Indrajit Buch
912,Health,851446,42635,2021-01-02,2028-04-22,365,10,Uthkarsh Sethi
913,Health,207891,8532,2020-07-09,2026-01-10,979,43,Miraan Badal
914,Life,652444,39391,2019-11-22,2022-05-28,555,3,Aayush Bir
915,Life,434077,19194,2023-09-19,2026-10-21,920,37,Anika Upadhyay
916,Life,541725,49298,2023-05-16,2028-07-27,938,33,Tarini Warrior
917,Life,458092,38758,2023-07-09,2029-06-02,132,4,Heer Saraf
918,Auto,819343,26524,2020-02-18,2025-07-24,554,3,Ojas Gola
919,Auto,412560,43718,2021-11-05,2029-04-02,795,12,Nehmat Rajan
920,Life,978856,36421,2019-11-20,2021-11-16,472,21,Ela Walla
921,Auto,107577,35335,2020-05-26,2023-01-13,389,38,Charvi Garg
922,Health,392893,32575,2019-11-09,2020-10-13,266,12,Yuvaan Ramesh
923,Auto,336564,17123,2020-06-28,2026-05-30,982,40,Eva Wagle
924,Life,429332,27445,2022-10-01,2027-08-01,216,27,Keya Warrior
925,Auto,776976,21429,2021-02-19,2023-07-31,411,18,Onkar Dutta
926,Life,261900,10901,2022-10-30,2026-07-16,590,44,Jivin Cherian
927,Health,832772,37437,2021-05-06,2022-06-05,824,16,Romil Sharaf
928,Auto,488997,22140,2024-05-12,2029-08-04,150,48,Ranbir Sinha
929,Health,525688,5438,2020-07-07,2023-09-27,432,32,Neysa Basak
930,Health,996006,43223,2023-08-10,2027-01-10,530,35,Lakshay Bal
931,Auto,384155,26898,2021-10-30,2026-07-09,257,36,Samar Kalla
932,Auto,142938,9454,2024-10-07,2027-07-20,168,4,Anya Ahuja
933,Health,832436,26444,2022-10-10,2029-01-18,645,7,Kismat Goyal
934,Life,770134,16690,2020-05-10,2020-07-29,369,36,Lakshay Jha
935,Auto,938660,16597,2020-10-02,2021-11-01,21,27,Ela Varkey
936,Health,415981,35581,2023-12-04,2026-05-26,621,13,Renee Swamy
937,Auto,618305,34211,2024-01-29,2029-08-03,179,50,Chirag Karan
938,Life,419598,35294,2021-06-04,2029-10-09,500,50,Piya Guha
939,Auto,502237,8528,2024-09-19,2026-09-01,629,19,Darshit Devi
940,Life,668541,11518,2022-06-22,2023-08-07,172,41,Zara Lad
941,Life,479635,32554,2024-10-05,2029-09-12,415,5,Himmat Krishnan
942,Health,245800,15270,2024-09-14,2026-09-12,325,42,Vanya Rege
943,Life,739390,32242,2021-05-24,2026-02-03,405,18,Bhavin Gole
944,Life,802877,47245,2021-01-11,2022-04-20,766,38,Badal Dyal
945,Auto,968973,23630,2023-01-23,2023-07-04,189,2,Shanaya Bera
946,Health,754995,34791,2024-08-28,2025-06-22,964,48,Neysa Jayaraman
947,Auto,774766,14476,2020-04-03,2024-09-21,407,7,Shanaya Lalla
948,Health,157413,44541,2024-08-17,2028-03-17,562,4,Prerak Ramesh
949,Health,793840,28579,2024-06-29,2025-01-26,86,7,Purab Amble
950,Life,656292,8794,2021-11-10,2026-06-25,954,25,Sumer Dube
951,Life,306420,38192,2023-09-16,2024-04-18,454,41,Charvi Rege
952,Health,218149,42733,2020-03-28,2026-07-31,30,3,Diya Karnik
953,Auto,421157,46187,2022-05-28,2026-11-28,885,31,Armaan Ganguly
954,Life,977483,29326,2023-03-13,2026-06-07,279,36,Mamooty Atwal
955,Life,221603,47682,2020-03-15,2026-07-10,553,12,Aarush Master
956,Auto,637826,33397,2022-06-06,2024-09-28,652,37,Emir Gole
957,Life,571114,33779,2019-11-22,2021-07-19,318,23,Vanya Samra
958,Life,585701,41212,2021-09-07,2029-06-25,453,20,Baiju Joshi
959,Life,470983,12007,2023-02-28,2028-07-03,11,1,Uthkarsh Kalita
960,Auto,833842,43158,2020-04-09,2026-05-25,353,19,Stuvan Ranganathan
961,Life,581589,35950,2019-12-24,2028-09-04,504,49,Nayantara Grewal
962,Life,369649,39464,2023-09-12,2027-05-04,818,19,Aradhya Luthra
963,Auto,308094,5325,2024-09-08,2026-07-01,383,13,Kaira Sarma
964,Life,893946,24670,2021-12-01,2026-11-18,256,11,Lavanya Dube
965,Auto,763406,22538,2023-12-13,2026-03-20,388,15,Anahi Borra
966,Life,171289,33140,2024-08-16,2029-09-03,530,49,Renee Chandran
967,Auto,826817,35809,2022-07-28,2023-11-13,292,42,Rania Subramanian
968,Auto,578750,17097,2024-08-15,2027-12-02,193,5,Kiara Bhatia
969,Health,222962,9966,2020-01-12,2022-05-19,467,40,Aarna Srinivas
970,Life,344921,33024,2022-02-12,2026-05-06,193,21,Tarini Sodhi
971,Health,236934,48637,2022-06-05,2024-01-07,23,12,Pari Sachdev
972,Health,353903,10627,2021-09-27,2023-03-04,449,47,Divyansh Barad
973,Health,309529,11781,2024-09-28,2025-02-27,506,14,Adira Sabharwal
974,Life,478219,40358,2023-05-07,2029-01-28,511,24,Miraan Kibe
975,Life,727241,6428,2023-08-19,2025-04-06,83,49,Vardaniya Choudhary
976,Health,150435,39904,2021-12-03,2021-12-26,74,35,Divyansh Deep
977,Life,263443,45306,2022-12-13,2024-04-30,257,25,Ayesha Loke
978,Health,209765,39567,2019-11-30,2023-06-10,255,25,Veer Chopra
979,Life,322446,49754,2021-06-21,2027-09-30,204,30,Drishya Kant
980,Auto,793896,28451,2022-01-19,2027-06-08,214,31,Zaina Gopal
981,Life,713298,19045,2023-05-08,2026-01-25,331,11,Ishita Hegde
982,Auto,755413,38513,2023-04-29,2029-10-16,563,34,Siya Sahni
983,Health,327981,33733,2022-08-22,2027-05-08,204,24,Arhaan Bakshi
984,Health,877292,14800,2022-11-13,2027-08-06,116,16,Rati Shetty
985,Auto,490745,5678,2021-08-19,2026-04-06,814,18,Shaan Keer
986,Auto,207685,40511,2022-12-21,2023-06-04,10,3,Saksham Deshmukh
987,Auto,805128,26387,2021-09-06,2027-07-03,611,10,Amani Madan
988,Life,793717,16193,2020-09-15,2021-07-18,512,6,Amani Rao
989,Auto,656780,46888,2022-02-17,2027-05-25,778,41,Yasmin Dhaliwal
990,Health,153798,34006,2024-04-25,2028-09-25,719,35,Shray Sami
991,Health,213245,15470,2020-10-09,2025-10-15,572,42,Aaryahi Jani
992,Life,824973,24742,2020-08-03,2026-05-23,198,2,Faiyaz Karan
993,Auto,439992,37598,2020-08-05,2021-03-13,257,3,Yuvraj  Gopal
994,Life,735963,30156,2023-05-02,2024-07-14,556,45,Vihaan Kala
995,Life,270798,13398,2024-05-13,2029-01-25,357,21,Riaan Varty
996,Auto,521555,44045,2022-06-21,2028-02-22,614,36,Miraan Soni
997,Health,161989,11976,2023-03-13,2025-01-23,303,17,Zaina Kothari
998,Auto,430401,5032,2023-06-04,2027-02-10,654,33,Lavanya Rao
999,Life,760292,44732,2022-10-19,2028-01-21,635,24,Jayan Saini
1000,Auto,314908,37445,2021-09-30,2024-02-03,675,35,Urvi Sur
